{"frameRate":30,"name":"effice_101312","version":"5.5","compatibleVersion":"5.5","armature":[{"type":"Armature","frameRate":30,"name":"armatureName","aabb":{"x":-1.99,"y":-33,"width":2,"height":2},"bone":[{"name":"root"}],"slot":[{"name":"heidian","parent":"root","color":{"aM":0}}],"skin":[{"slot":[{"name":"heidian","display":[{"name":"heidian","transform":{"x":-0.99,"y":-32}}]}]}],"animation":[{"duration":77,"name":"animation","frame":[{"duration":8,"events":[{"name":"effice_101312"}]},{"duration":45,"events":[{"strings":["hurt_after_fly"],"name":"effice_101312"}]},{"duration":10,"events":[{"strings":["next"],"name":"effice_101312"}]},{"duration":14,"events":[{"strings":["hurt_after_repel_kill"],"name":"effice_101312"}]},{"duration":0,"events":[{"name":"effice_101312"}]}]}],"defaultActions":[{"gotoAndPlay":"animation"}]}]}