{"frameRate":30,"name":"effice_105211","version":"5.5","compatibleVersion":"5.5","armature":[{"type":"Armature","frameRate":30,"name":"armatureName","aabb":{"x":3.5,"y":-202.99,"width":1,"height":1},"bone":[{"name":"root"}],"slot":[{"name":"heidian","parent":"root","color":{"aM":0}}],"skin":[{"slot":[{"name":"heidian","display":[{"name":"heidian","transform":{"x":4,"y":-202.49}}]}]}],"animation":[{"duration":87,"name":"animation","frame":[{"duration":14,"events":[{"name":"effice_105211"}]},{"duration":13,"events":[{"strings":["hurt_after_fly"],"name":"effice_105211"}]},{"duration":32,"events":[{"strings":["hurt_after_fly"],"name":"effice_105211"}]},{"duration":10,"events":[{"strings":["next"],"name":"effice_105211"}]},{"duration":18,"events":[{"strings":["hurt_after_repel_kill"],"name":"effice_105211"}]},{"duration":0,"events":[{"name":"effice_105211"}]}]}],"defaultActions":[{"gotoAndPlay":"animation"}]}]}