{"width":512,"imagePath":"spirte_105201_tex.png","height":1024,"name":"spirte_105201","SubTexture":[{"width":140,"y":510,"height":72,"name":"shadow","x":327},{"width":124,"y":210,"height":192,"name":"sidewing","x":324},{"width":190,"y":1,"height":202,"name":"shell","x":1},{"width":38,"y":367,"height":29,"name":"arm1-3","x":450},{"width":114,"y":584,"height":85,"name":"arm1","x":327},{"width":27,"y":598,"height":44,"name":"arm1-2-1","x":294},{"width":74,"y":706,"height":70,"name":"leg1","x":1},{"width":82,"y":606,"height":98,"name":"leg2","x":1},{"width":69,"y":205,"height":79,"name":"fly-body","x":121},{"width":51,"y":688,"height":55,"name":"sidebody","x":443},{"width":62,"y":286,"height":55,"name":"body","x":121},{"width":31,"y":162,"height":39,"name":"arm2-3","x":324},{"width":85,"y":404,"height":192,"name":"wingeff1-1","x":240},{"width":101,"y":408,"height":196,"name":"wingeff1","x":1},{"width":126,"y":1,"height":207,"name":"wingeff2","x":360},{"width":118,"y":205,"height":201,"name":"wingeff2-2","x":1},{"width":90,"y":532,"height":174,"name":"wing1","x":104},{"width":129,"y":162,"height":193,"name":"wing2","x":193},{"width":115,"y":404,"height":104,"name":"head","x":327},{"width":117,"y":357,"height":173,"name":"sideface","x":121},{"width":44,"y":584,"height":102,"name":"hair1","x":443},{"width":63,"y":404,"height":104,"name":"hair2","x":444},{"width":53,"y":210,"height":155,"name":"arm2","x":450},{"width":96,"y":598,"height":69,"name":"arm1-2-2","x":196},{"width":165,"y":1,"height":159,"name":"armeff1","x":193},{"width":245,"y":671,"height":29,"name":"armeff2","x":196}]}