{"width":512,"imagePath":"spirte_106601_tex.png","height":512,"name":"spirte_106601","SubTexture":[{"width":56,"y":478,"height":29,"name":"shadow","x":1},{"width":49,"y":430,"height":58,"name":"wing1","x":65},{"width":120,"y":1,"height":85,"name":"wing2","x":302},{"width":23,"y":177,"height":48,"name":"arm1","x":482},{"width":29,"y":346,"height":45,"name":"defarm1","x":248},{"width":62,"y":368,"height":60,"name":"tail","x":87},{"width":58,"y":345,"height":96,"name":"body","x":405},{"width":156,"y":153,"height":95,"name":"s-body","x":221},{"width":53,"y":399,"height":68,"name":"claw1-2","x":248},{"width":62,"y":417,"height":59,"name":"claw1-1-5","x":1},{"width":49,"y":291,"height":39,"name":"claw1-3","x":170},{"width":56,"y":399,"height":47,"name":"claw1","x":303},{"width":56,"y":443,"height":46,"name":"defclaw1","x":361},{"width":44,"y":448,"height":58,"name":"arm2","x":303},{"width":42,"y":269,"height":68,"name":"defarm2","x":461},{"width":42,"y":399,"height":41,"name":"mouth","x":361},{"width":28,"y":227,"height":16,"name":"teeth","x":482},{"width":73,"y":250,"height":94,"name":"down-head","x":221},{"width":101,"y":177,"height":90,"name":"head","x":379},{"width":84,"y":291,"height":80,"name":"claw2-1-5","x":1},{"width":76,"y":346,"height":69,"name":"claw2","x":170},{"width":64,"y":88,"height":60,"name":"claw2-3","x":302},{"width":84,"y":1,"height":82,"name":"claw2-2","x":424},{"width":110,"y":88,"height":87,"name":"s-head","x":379},{"y":345,"frameX":-1,"frameHeight":52,"frameY":0,"width":107,"frameWidth":108,"height":52,"name":"defclaw2","x":296},{"width":58,"y":417,"height":62,"name":"skillarm","x":151},{"y":153,"frameX":-41,"frameHeight":151,"frameY":-15,"width":218,"frameWidth":299,"height":136,"name":"pugong/_0000_attack_1_0004","x":1},{"y":1,"frameX":0,"frameHeight":151,"frameY":0,"width":299,"frameWidth":299,"height":150,"name":"pugong/_0001_attack_1_0001","x":1},{"y":269,"frameX":0,"frameHeight":77,"frameY":-2,"width":81,"frameWidth":81,"height":74,"name":"pugong/_0000_attack_4_0007","x":378},{"y":250,"frameX":-1,"frameHeight":77,"frameY":-1,"width":80,"frameWidth":81,"height":76,"name":"pugong/_0002_attack_4_0001","x":296},{"y":291,"frameX":0,"frameHeight":77,"frameY":-2,"width":81,"frameWidth":81,"height":75,"name":"pugong/_0001_attack_4_0005","x":87}]}