{
	"groups": [
		{
			"keys": "checkbox_select_disabled_png,checkbox_select_down_png,checkbox_select_up_png,checkbox_unselect_png,selected_png,border_png,header_png,radiobutton_select_disabled_png,radiobutton_select_down_png,radiobutton_select_up_png,radiobutton_unselect_png,roundthumb_png,thumb_png,track_png,tracklight_png,handle_png,off_png,on_png,button_down_png,button_up_png,thumb_pb_png,track_pb_png,track_sb_png,bg_jpg,egret_icon_png,description_json,environment_ship_txt,npc_txt,ship_mould_txt,skill_influence_txt,skill_mould_txt,talent_mould_txt,battle_1_1_01_png,battle_1_1_02_png,battle_1_1_03_png,spirte_105201_ske_json,spirte_105201_tex_json,spirte_105201_tex_png,spirte_106601_ske_json,spirte_106601_tex_json,spirte_106601_tex_png,effice_105211_ske_json,effice_105211_tex_json,effice_105211_tex_png,effice_101312_tex_png,effice_101312_ske_json,effice_101312_tex_json,environment_formation_txt",
			"name": "preload"
		}
	],
	"resources": [
		{
			"url": "assets/CheckBox/checkbox_select_disabled.png",
			"type": "image",
			"name": "checkbox_select_disabled_png"
		},
		{
			"url": "assets/CheckBox/checkbox_select_down.png",
			"type": "image",
			"name": "checkbox_select_down_png"
		},
		{
			"url": "assets/CheckBox/checkbox_select_up.png",
			"type": "image",
			"name": "checkbox_select_up_png"
		},
		{
			"url": "assets/CheckBox/checkbox_unselect.png",
			"type": "image",
			"name": "checkbox_unselect_png"
		},
		{
			"url": "assets/ItemRenderer/selected.png",
			"type": "image",
			"name": "selected_png"
		},
		{
			"url": "assets/Panel/border.png",
			"type": "image",
			"name": "border_png"
		},
		{
			"url": "assets/Panel/header.png",
			"type": "image",
			"name": "header_png"
		},
		{
			"url": "assets/RadioButton/radiobutton_select_disabled.png",
			"type": "image",
			"name": "radiobutton_select_disabled_png"
		},
		{
			"url": "assets/RadioButton/radiobutton_select_down.png",
			"type": "image",
			"name": "radiobutton_select_down_png"
		},
		{
			"url": "assets/RadioButton/radiobutton_select_up.png",
			"type": "image",
			"name": "radiobutton_select_up_png"
		},
		{
			"url": "assets/RadioButton/radiobutton_unselect.png",
			"type": "image",
			"name": "radiobutton_unselect_png"
		},
		{
			"url": "assets/ScrollBar/roundthumb.png",
			"type": "image",
			"name": "roundthumb_png"
		},
		{
			"url": "assets/Slider/thumb.png",
			"type": "image",
			"name": "thumb_png"
		},
		{
			"url": "assets/Slider/track.png",
			"type": "image",
			"name": "track_png"
		},
		{
			"url": "assets/Slider/tracklight.png",
			"type": "image",
			"name": "tracklight_png"
		},
		{
			"url": "assets/ToggleSwitch/handle.png",
			"type": "image",
			"name": "handle_png"
		},
		{
			"url": "assets/ToggleSwitch/off.png",
			"type": "image",
			"name": "off_png"
		},
		{
			"url": "assets/ToggleSwitch/on.png",
			"type": "image",
			"name": "on_png"
		},
		{
			"url": "assets/Button/button_down.png",
			"type": "image",
			"name": "button_down_png"
		},
		{
			"url": "assets/Button/button_up.png",
			"type": "image",
			"name": "button_up_png"
		},
		{
			"url": "assets/ProgressBar/thumb_pb.png",
			"type": "image",
			"name": "thumb_pb_png"
		},
		{
			"url": "assets/ProgressBar/track_pb.png",
			"type": "image",
			"name": "track_pb_png"
		},
		{
			"url": "assets/ScrollBar/track_sb.png",
			"type": "image",
			"name": "track_sb_png"
		},
		{
			"url": "assets/bg.jpg",
			"type": "image",
			"name": "bg_jpg"
		},
		{
			"url": "assets/egret_icon.png",
			"type": "image",
			"name": "egret_icon_png"
		},
		{
			"name": "description_json",
			"type": "json",
			"url": "config/description.json"
		},
		{
			"name": "environment_ship_txt",
			"type": "text",
			"url": "config/environment_ship.txt"
		},
		{
			"name": "npc_txt",
			"type": "text",
			"url": "config/npc.txt"
		},
		{
			"name": "ship_mould_txt",
			"type": "text",
			"url": "config/ship_mould.txt"
		},
		{
			"name": "skill_influence_txt",
			"type": "text",
			"url": "config/skill_influence.txt"
		},
		{
			"name": "skill_mould_txt",
			"type": "text",
			"url": "config/skill_mould.txt"
		},
		{
			"name": "talent_mould_txt",
			"type": "text",
			"url": "config/talent_mould.txt"
		},
		{
			"name": "battle_1_1_01_png",
			"type": "image",
			"url": "assets/battle_1_1_01.png"
		},
		{
			"name": "battle_1_1_02_png",
			"type": "image",
			"url": "assets/battle_1_1_02.png"
		},
		{
			"name": "battle_1_1_03_png",
			"type": "image",
			"url": "assets/battle_1_1_03.png"
		},
		{
			"name": "spirte_105201_ske_json",
			"type": "json",
			"url": "dragon/spirte_105201_ske.json"
		},
		{
			"name": "spirte_105201_tex_json",
			"type": "json",
			"url": "dragon/spirte_105201_tex.json"
		},
		{
			"name": "spirte_105201_tex_png",
			"type": "image",
			"url": "dragon/spirte_105201_tex.png"
		},
		{
			"name": "spirte_106601_ske_json",
			"type": "json",
			"url": "dragon/spirte_106601_ske.json"
		},
		{
			"name": "spirte_106601_tex_json",
			"type": "json",
			"url": "dragon/spirte_106601_tex.json"
		},
		{
			"name": "spirte_106601_tex_png",
			"type": "image",
			"url": "dragon/spirte_106601_tex.png"
		},
		{
			"name": "effice_105211_ske_json",
			"type": "json",
			"url": "dragon/effice_105211_ske.json"
		},
		{
			"name": "effice_105211_tex_json",
			"type": "json",
			"url": "dragon/effice_105211_tex.json"
		},
		{
			"name": "effice_105211_tex_png",
			"type": "image",
			"url": "dragon/effice_105211_tex.png"
		},
		{
			"name": "effice_101312_tex_png",
			"type": "image",
			"url": "dragon/effice_101312_tex.png"
		},
		{
			"name": "effice_101312_ske_json",
			"type": "json",
			"url": "dragon/effice_101312_ske.json"
		},
		{
			"name": "effice_101312_tex_json",
			"type": "json",
			"url": "dragon/effice_101312_tex.json"
		},
		{
			"name": "environment_formation_txt",
			"type": "text",
			"url": "config/environment_formation.txt"
		}
	]
}